
USE SQL_CODER;


INSERT INTO CONTINENTS (continent_id , continent_name)
VALUES 	(1 ,'America'),
		(2 , 'Europe'),
        (3 , 'Asia'),
        (4 , 'Africa'),
        (5 , 'Oceania'),
        (6 , 'Antarctica');
	
    
    INSERT INTO CONFEDERATIONS (confederation_id , confederation_name, continent_id )
VALUES 	(1 ,' AFC ' , 3 ) , -- ASIA
		(2 ,' CAF ' , 4 ) ,  -- AFRICA
        (3 ,' CONCACAF ' , 1 ) ,  
        (4 ,' CONMEBOL ' , 1 ) , 
        (5 ,' OFC ' , 5 ) , -- OCEANIA
        (6 ,' UEFA ' , 2 ) ;
        

select * from country;


INSERT INTO `COUNTRY` (`country_name`, `confederation_id`)
VALUES
('España', 6), ('México', 3), ('Argentina', 4), ('Colombia', 4), ('Perú', 4),
('Chile', 4), ('Ecuador', 4), ('Venezuela', 4), ('Bolivia', 4), ('Paraguay', 4),
('Uruguay', 4), ('Guatemala', 3), ('Cuba', 3), ('Honduras', 3), ('Nicaragua', 3),
('Costa Rica', 3), ('Panama', 3), ('El Salvador', 3), ('Estados Unidos', 3), ('Canadá', 3),
('China', 1), ('India', 1), ('Japón', 1), ('Indonesia', 1), ('Pakistan', 1),
('Banglades', 1), ('Filipinas', 1), ('Vietnam', 1), ('Turquía', 6), ('Rusia', 6),
('Alemania', 6), ('Inglaterra', 6), ('Francia', 6), ('Italia', 6), ('Australia', 5),
('Nueva Zelanda', 5), ('Fiyi', 5), ('Samoa', 5), ('Tonga', 5), ('Portugal', 6),
('Nauru', 5), ('Islas Salomón', 5), ('Vanuatu', 5), ('Túnez', 2), ('Nigeria', 2),
('Egipto', 2), ('Paises Bajos', 6), ('Sudáfrica', 2), ('Brasil', 4), ('Escocia', 6),
('Perú', 4), ('Chile', 4), ('Ecuador', 4), ('Venezuela', 4), ('Turquia', 6);


-- Insertar datos en la tabla CONTINENTAL_TOURNAMENTS con nombres de torneos continentales
INSERT INTO `CONTINENTAL_TOURNAMENTS` (`continental_tournament_name`, `confederation_id`)
VALUES
('UEFA Champions League', 6),         -- UEFA Champions League para la confederación europea (UEFA)
('UEFA Europa League', 6),            -- UEFA Europa League para la confederación europea (UEFA)
('UEFA Conference League', 6),        -- UEFA Conference League para la confederación europea (UEFA)
('Copa Libertadores', 4),             -- Copa Libertadores para la confederación sudamericana (CONMEBOL)
('Copa Sudamericana', 4),             -- Copa Sudamericana para la confederación sudamericana (CONMEBOL)
('AFC Champions League', 1),          -- AFC Champions League para la confederación asiática (AFC)
('CONCACAF Champions League', 3),     -- CONCACAF Champions League para la confederación de América del Norte (CONCACAF)
('CAF Champions League', 2),           -- CAF Champions League para la confederación africana (CAF)
('OFC Champions League', 5);          -- OFC Champions League para la confederación de Oceanía (OFC)

select * from players;


-- Insertar datos para la tabla TEAMS con algunos equipos y torneos conocidos
INSERT INTO `TEAMS` (`team_name`, `country_id`, `continental_tournament_id`)
VALUES
('Real Madrid', 1, 1),         
('FC Barcelona', 1, 1),            
('Liverpool', 32, 1),              
('Manchester City', 32, 1),       
('Bayern Munich', 31, 1),          
('Paris Saint-Germain', 33, 1),     
('Juventus', 34, 1),              
('Chelsea', 32, 1),                
('AC Milan', 34, 1),              
('Manchester United', 32, 2),      
('Inter Milan', 34, 1),           
('Arsenal', 32, 1),               
('Atlético Madrid', 1, 1),       
('Borussia Dortmund', 31, 1),      
('Ajax', 47, 1),                  
('Tottenham Hotspur', 32, 2),   
('Boca Juniors', 3, 4),         
('River Plate', 3, 4),          
('Flamengo', 49, 4),               
('Palmeiras', 49, 4),              
('Olympique Lyonnais', 33, 2),     
('Independiente', 3, 4),          
('San Lorenzo', 3, 4),            
('Olympique de Marsella', 33, 2),  
('AS Roma', 34, 1),                 
('Fiorentina', 34, 1),             
('Aston Villa', 32, 1),     
('Atalanta', 34, 1),             
('Sevilla FC', 1, 1),              
('RB Leipzig', 31, 1),          
('Lazio', 34, 1),                   
('Bolivar', 9, 1),                    
('Leicester City', 32, 1),          
('Napoli', 34, 1),                  
('Zenit Saint Petersburg', 30, 1),  
('Villarreal', 1, 1),              
('Everton', 32, 1),                 
('West Ham United', 32, 3),         
('Benfica', 40, 1),                 
('Celtic', 50, 2),                  
('Millonarios FC', 4, 1),             
('Rangers', 50, 1);                 


		--	----------------------------- --  -- INSERTAR ARCHIVO .CSV PARA LA TABLA PLAYERS -- -------------------------- ------------ --

SELECT * FROM PLAYERS;

INSERT INTO `PLAYER_VALUES` (`value_id`, `market_value`, `clause`, `clause_value`, `salary`, `player_id`)
VALUES
	(1, 350000, false, null, 2500.12, 1),
	(2, 720000, true, 600000, 1200.26, 2),
	(3, 450000, false, null, 3000.50, 3),
	(4, 620000, true, 500000, 1500.75, 4),
	(5, 300000, false, null, 2800.30, 5),
	(6, 550000, true, 400000, 2000.90, 6),
	(7, 680000, false, null, 1800.40, 7),
	(8, 420000, true, 300000, 1300.60, 8),
	(9, 800000, false, null, 3200.80, 9),
	(10, 350000, true, 200000, 1700.25, 10),
	(11, 420000, false, null, 2800.50, 11),
	(12, 580000, true, 350000, 1600.75, 12),
	(13, 750000, false, null, 2200.30, 13),
	(14, 490000, true, 400000, 1800.90, 14),
	(15, 620000, false, null, 3100.40, 15),
	(16, 800000, true, 600000, 2500.60, 16),
	(17, 550000, false, null, 1900.80, 17),
	(18, 680000, true, 500000, 1200.25, 18),
	(19, 350000, false, null, 2400.90, 19),
	(20, 720000, true, 300000, 1400.45, 20),
	(21, 450000, false, null, 2600.60, 21),
	(22, 580000, true, 700000, 2000.75, 22),
	(23, 680000, false, null, 3000.30, 23),
	(24, 490000, true, 200000, 1700.90, 24),
	(25, 620000, false, null, 2800.40, 25),
	(26, 750000, true, 400000, 2200.60, 26),
	(27, 550000, false, null, 1500.80, 27),
	(28, 680000, true, 300000, 1300.25, 28),
	(29, 420000, false, null, 2600.90, 29),
	(30, 800000, true, 500000, 1900.45, 30),
	(31, 420000, false, null, 2800.50, 31),
	(32, 580000, true, 350000, 1600.75, 32),
	(33, 750000, false, null, 2200.30, 33),
	(34, 490000, true, 400000, 1800.90, 34),
	(35, 620000, false, null, 3100.40, 35),
	(36, 800000, true, 600000, 2500.60, 36),
	(37, 550000, false, null, 1900.80, 37),
	(38, 680000, true, 500000, 1200.25, 38),
	(39, 350000, false, null, 2400.90, 39),
	(40, 720000, true, 300000, 1400.45, 40),
	(41, 450000, false, null, 2600.60, 41),
	(42, 580000, true, 700000, 2000.75, 42),
	(43, 680000, false, null, 3000.30, 43),
	(44, 490000, true, 200000, 1700.90, 44),
	(45, 620000, false, null, 2800.40, 45),
	(46, 750000, true, 400000, 2200.60, 46),
	(47, 550000, false, null, 1500.80, 47),
	(48, 680000, true, 300000, 1300.25, 48),
	(49, 420000, false, null, 2600.90, 49),
	(50, 800000, true, 500000, 1900.45, 50),
	(51, 480000, false, null, 2300.55, 51),
	(52, 630000, true, 450000, 1700.70, 52),
	(53, 710000, false, null, 2000.35, 53),
	(54, 520000, true, 350000, 1800.80, 54),
	(55, 660000, false, null, 3000.40, 55),
	(56, 780000, true, 600000, 2500.65, 56),
	(57, 580000, false, null, 1900.75, 57),
	(58, 700000, true, 500000, 1200.30, 58),
	(59, 380000, false, null, 2400.95, 59),
	(60, 740000, true, 300000, 1400.50, 60),
    (61, 350000, true, 200000, 1700.25,61),
	(62, 580500, true, 350000, 1200.75, 62),
	(63, 755000, false, null, 2400.30, 63),
	(64, 490000, true, 400000, 1600.90, 64),
	(65, 620400, false, null, 3700.40, 65),
	(66, 800500, true, 600000, 2400.60, 66),
	(67, 551000, false, null, 2200.80, 67),
	(68, 680400, true, 500000, 4200.25, 68),
	(69, 353000, false, null, 2800.90, 69),
    (70, 500000, true, 100000, 75000.00, 70),
    (71, 800000, false, NULL, 90000.00, 71),
    (72, 650000, true, 120000, 80000.00, 72),
    (73, 550000, false, NULL, 70000.00, 73),
    (74, 720000, true, 150000, 85000.00, 74),
    (75, 900000, false, NULL, 100000.00, 75),
    (76, 480000, true, 80000, 72000.00, 76),
    (77, 620000, false, NULL, 78000.00, 77),
    (78, 750000, true, 130000, 92000.00, 78),
    (79, 580000, false, NULL, 69000.00, 79),
    (80, 850000, true, 180000, 110000.00, 80),
    (81, 700000, false, NULL, 95000.00, 81),
    (82, 530000, true, 95000, 78000.00, 82),
    (83, 670000, false, NULL, 83000.00, 83),
    (84, 800000, true, 160000, 100000.00, 84),
    (85, 630000, false, NULL, 89000.00, 85),
    (86, 560000, true, 110000, 76000.00, 86),
    (87, 720000, false, NULL, 88000.00, 87),
    (88, 950000, true, 200000, 120000.00, 88),
    (89, 890000, false, NULL, 105000.00, 89),
    (90, 620000, true, 120000, 79000.00, 90),
    (91, 540000, false, NULL, 72000.00, 91),
    (92, 780000, true, 140000, 93000.00, 92),
    (93, 690000, false, NULL, 86000.00, 93),
    (94, 850000, true, 160000, 105000.00, 94),
    (95, 780000, false, NULL, 98000.00, 95),
    (96, 570000, true, 100000, 74000.00, 96),
    (97, 690000, false, NULL, 87000.00, 97),
    (98, 920000, true, 180000, 112000.00, 98),
    (99, 820000, false, NULL, 99000.00, 99),
    (100, 600000, true, 130000, 81000.00, 100);




INSERT INTO `STATISTICS` (`statistics_id`, `games`, `goals`, `assists`, `red_cards`, `yellow_cards`, `player_id`)
VALUES
	(1, 20, 10, 5, 1, 2, 1),
	(2, 18, 8, 7, 0, 3, 2),
	(3, 22, 15, 3, 0, 1, 3),
	(4, 19, 5, 10, 2, 4, 4),
	(5, 21, 12, 8, 1, 2, 5),
	(6, 17, 6, 9, 0, 1, 6),
	(7, 20, 18, 5, 0, 0, 7),
	(8, 19, 7, 6, 1, 3, 8),
	(9, 23, 14, 4, 0, 2, 9),
	(10, 18, 9, 7, 2, 1, 10),
	(11, 21, 11, 8, 1, 2, 11),
	(12, 19, 13, 6, 0, 1, 12),
	(13, 22, 7, 11, 0, 3, 13),
	(14, 20, 16, 5, 1, 2, 14),
	(15, 18, 10, 6, 0, 2, 15),
	(16, 21, 9, 8, 1, 1, 16),
	(17, 19, 14, 3, 0, 3, 17),
	(18, 23, 6, 10, 2, 1, 18),
	(19, 18, 11, 7, 0, 2, 19),
	(20, 20, 17, 5, 1, 1, 20),
	(21, 22, 8, 9, 0, 3, 21),
	(22, 19, 12, 7, 1, 2, 22),
	(23, 21, 15, 5, 0, 2, 23),
	(24, 17, 6, 8, 0, 1, 24),
	(25, 19, 13, 6, 1, 3, 25),
	(26, 20, 9, 10, 0, 2, 26),
	(27, 22, 17, 4, 1, 2, 27),
	(28, 18, 10, 7, 0, 1, 28),
	(29, 21, 8, 9, 1, 2, 29),
	(30, 19, 14, 6, 0, 1, 30),
	(31, 23, 7, 11, 2, 3, 31),
	(32, 20, 16, 5, 1, 1, 32),
	(33, 18, 11, 8, 0, 2, 33),
	(34, 21, 9, 7, 1, 1, 34),
	(35, 19, 12, 6, 0, 3, 35),
	(36, 22, 14, 4, 1, 2, 36),
	(37, 20, 17, 5, 0, 1, 37),
	(38, 19, 8, 9, 1, 2, 38),
	(39, 23, 11, 7, 0, 2, 39),
	(40, 18, 10, 6, 2, 3, 40),
	(41, 21, 9, 8, 0, 1, 41),
	(42, 19, 13, 6, 1, 2, 42),
	(43, 22, 7, 10, 0, 3, 43),
	(44, 20, 15, 5, 1, 2, 44),
	(45, 18, 10, 7, 0, 1, 45),
	(46, 21, 12, 6, 1, 3, 46),
	(47, 19, 14, 4, 0, 2, 47),
	(48, 23, 6, 11, 2, 1, 48),
	(49, 20, 16, 5, 0, 1, 49),
	(50, 19, 9, 8, 1, 2, 50),
	(51, 22, 14, 6, 0, 1, 51),
	(52, 18, 10, 7, 1, 2, 52),
	(53, 21, 8, 9, 0, 3, 53),
	(54, 19, 12, 7, 1, 2, 54),
	(55, 23, 11, 6, 0, 1, 55),
	(56, 20, 16, 5, 1, 2, 56),
	(57, 18, 9, 8, 1, 3, 57),
	(58, 21, 13, 5, 0, 2, 58),
	(59, 19, 14, 4, 1, 2, 59),
    (60, 20, 8, 5, 1, 2, 60),
    (61, 18, 10, 7, 0, 3, 61),
    (62, 22, 5, 12, 2, 1, 62),
    (63, 25, 15, 8, 0, 4, 63),
    (64, 19, 12, 10, 1, 2, 64),
    (65, 21, 9, 6, 0, 3, 65),
    (66, 23, 6, 18, 2, 1, 66),
    (67, 17, 18, 7, 1, 2, 67),
    (68, 20, 7, 10, 0, 3, 68),
    (69, 24, 11, 9, 2, 1, 69),
    (70, 16, 14, 6, 0, 3, 70),
    (71, 22, 5, 15, 1, 2, 71),
    (72, 18, 8, 8, 0, 4, 72),
    (73, 20, 12, 11, 2, 1, 73),
    (74, 25, 7, 20, 1, 2, 74),
    (75, 19, 10, 9, 0, 3, 75),
    (76, 21, 6, 14, 2, 1, 76),
    (77, 23, 15, 7, 1, 2, 77),
    (78, 17, 11, 8, 0, 3, 78),
    (79, 20, 9, 12, 2, 1, 79),
    (80, 24, 13, 6, 0, 3, 80),
    (81, 22, 8, 7, 1, 2, 81),
    (82, 18, 9, 10, 0, 4, 82),
    (83, 20, 14, 11, 2, 1, 83),
    (84, 25, 7, 15, 1, 2, 84),
    (85, 19, 11, 8, 0, 3, 85),
    (86, 21, 6, 12, 2, 1, 86),
    (87, 23, 13, 9, 1, 2, 87),
    (88, 17, 10, 14, 0, 3, 88),
    (89, 20, 12, 6, 2, 1, 89),
    (90, 24, 15, 7, 0, 3, 90),
    (91, 22, 7, 10, 1, 2, 91),
    (92, 18, 9, 11, 0, 4, 92),
    (93, 20, 14, 8, 2, 1, 93),
    (94, 25, 8, 18, 1, 2, 94),
    (95, 19, 10, 9, 0, 3, 95),
    (96, 21, 6, 13, 2, 1, 96),
    (97, 23, 13, 7, 1, 2, 97),
    (98, 17, 11, 8, 0, 3, 98),
    (99, 20, 9, 14, 2, 1, 99),
    (100, 24, 15, 6, 0, 3, 100);
